<?xml version="1.0" encoding="UTF-8"?>
<project-private xmlns="http://www.netbeans.org/ns/project-private/1">
    <editor-bookmarks xmlns="http://www.netbeans.org/ns/editor-bookmarks/1"/>
    <editor-bookmarks xmlns="http://www.netbeans.org/ns/editor-bookmarks/2" lastBookmarkId="0"/>
    <open-files xmlns="http://www.netbeans.org/ns/projectui-open-files/2">
        <group>
            <file>file:/Users/Jonah/Desktop/JavaApplication/src/javaapplication/Assignment6.java</file>
            <file>file:/Users/Jonah/Desktop/JavaApplication/src/javaapplication/PersonAddress.java</file>
            <file>file:/Users/Jonah/Desktop/JavaApplication/src/javaapplication/PersonName.java</file>
            <file>file:/Users/Jonah/Desktop/JavaApplication/src/javaapplication/Contact.java</file>
            <file>file:/Users/Jonah/Desktop/JavaApplication/src/javaapplication/PersonPhoneNumber.java</file>
        </group>
    </open-files>
</project-private>
